{
    "display": {
        "icon": {
            "item": "minecraft:chainmail_helmet"
        },
        "title": {
            "text": "Chains+ - Enhanced Chainmail",
            "color": "white",
            "bold": false,
            "italic": false
        },
        "description": {
            "text": "Allows you to craft any set of chainmail armor into something that is actually worth using.",
            "color": "green",
            "bold": false,
            "italic": true
        },
        "show_toast": false,
        "announce_to_chat": false,
        "frame": "goal"
    },
    "parent": "main:main/death",
    "criteria": {
        "tick": {
            "trigger": "minecraft:tick"
        }
    }
}